,City,Lat,Lng,Max Temp,Humidity,Cloudiness,Wind Speed,Country,Date
0,Chokurdakh,70.6333,147.9167,-6.51,88,10,1.49,RU,1620866102
1,Bredasdorp,-34.5322,20.0403,14.0,94,6,1.54,ZA,1620866102
2,Torbay,47.6666,-52.7314,5.64,78,75,7.72,CA,1620866103
3,Rikitea,-23.1203,-134.9692,25.42,77,85,7.21,PF,1620866104
4,Palāsa,18.7667,84.4167,28.99,84,49,4.66,IN,1620866104
5,Hong Kong,22.2855,114.1577,29.98,81,10,0.45,HK,1620865822
6,Mahibadhoo,3.7833,72.9667,28.62,76,100,11.7,MV,1620866105
7,Shingū,33.7333,135.9833,19.95,92,100,7.45,JP,1620866105
8,Hay River,60.8156,-115.7999,13.95,44,75,3.09,CA,1620865814
9,Puerto Ayora,-0.7393,-90.3518,24.08,93,15,1.79,EC,1620866106
10,Kavaratti,10.5669,72.642,28.03,75,100,2.11,IN,1620866106
11,Busselton,-33.65,115.3333,9.97,63,98,7.18,AU,1620866106
12,East London,-33.0153,27.9116,15.46,79,0,2.36,ZA,1620865971
13,Albany,42.6001,-73.9662,13.12,73,47,2.9,US,1620866067
14,Sibolga,1.7427,98.7792,26.71,81,98,0.71,ID,1620866107
15,Hasaki,35.7333,140.8333,17.75,87,100,5.57,JP,1620866107
16,Nizhniy Tsasuchey,50.5167,115.1333,9.68,42,100,5.04,RU,1620866108
17,Châtellerault,46.8,0.5333,7.97,97,43,4.49,FR,1620866108
18,Norwich,52.6278,1.2983,9.92,83,100,1.03,GB,1620866109
19,Otane,-39.8833,176.6333,11.62,53,85,4.93,NZ,1620866109
20,Narsaq,60.9167,-46.05,8.0,29,9,4.12,GL,1620866110
21,Pisco,-13.7,-76.2167,18.95,82,0,4.12,PE,1620866110
22,Castro,-24.7911,-50.0119,11.93,96,100,1.45,BR,1620866110
23,Barrow,71.2906,-156.7887,-9.01,79,75,6.69,US,1620866111
24,Mount Gambier,-37.8333,140.7667,10.54,93,75,4.12,AU,1620865891
25,Qaanaaq,77.484,-69.3632,-4.28,87,100,4.6,GL,1620866111
26,Laramie,41.3114,-105.5911,-0.28,32,75,7.2,US,1620865975
27,Flinders,-34.5833,150.8552,20.0,73,0,0.89,AU,1620866112
28,Ancud,-41.8697,-73.8203,10.79,89,100,1.41,CL,1620866112
29,Ushuaia,-54.8,-68.3,8.68,53,0,6.17,AR,1620866112
30,Krabi,8.0726,98.9105,31.06,86,40,1.03,TH,1620866113
31,Huilong,31.8111,121.655,21.07,86,100,5.86,CN,1620865922
32,Mahébourg,-20.4081,57.7,24.29,83,75,4.12,MU,1620866113
33,Kananga,-5.8958,22.4178,19.3,77,0,1.56,CD,1620866114
34,Mataura,-46.1927,168.8643,8.89,78,2,0.89,NZ,1620866114
35,Kavieng,-2.5744,150.7967,28.98,70,56,2.0,PG,1620866114
36,Tabou,4.423,-7.3528,26.41,75,10,2.58,CI,1620866115
37,Øksfjord,70.2396,22.3479,5.0,87,20,0.59,NO,1620866115
38,Pacific Grove,36.6177,-121.9166,26.9,84,40,2.24,US,1620866115
39,Wilmington,34.2257,-77.9447,9.92,93,90,4.12,US,1620866063
40,Aswān,24.0934,32.907,25.66,17,0,3.64,EG,1620866116
41,Belle Fourche,44.6714,-103.8522,7.92,65,71,3.58,US,1620866116
42,Bunia,1.5667,30.25,16.7,95,56,1.2,CD,1620866116
43,Avarua,-21.2078,-159.775,24.94,88,75,8.23,CK,1620866117
44,Coahuayana Viejo,18.7333,-103.6833,26.9,62,43,2.25,MX,1620866117
45,Samarai,-10.6167,150.6667,29.22,71,67,5.13,PG,1620866117
46,Raudeberg,61.9875,5.1352,8.33,90,100,9.15,NO,1620866118
47,Bengkulu,-3.8004,102.2655,25.82,84,94,1.27,ID,1620866118
48,Tessalit,20.1986,1.0114,31.84,10,7,5.4,ML,1620866118
49,Port Alfred,-33.5906,26.891,15.13,78,0,1.95,ZA,1620866119
50,Belyy Yar,53.6039,91.3903,6.33,48,0,1.65,RU,1620866119
51,Thompson,55.7435,-97.8558,9.68,46,75,4.12,CA,1620866119
52,Vaini,-21.2,-175.2,25.87,78,40,5.14,TO,1620866120
53,Yulara,-25.2406,130.9889,13.7,45,0,2.57,AU,1620866120
54,Langfang,39.5097,116.6947,16.89,56,9,4.26,CN,1620866121
55,Luanda,-8.8368,13.2343,25.0,94,40,1.54,AO,1620866121
56,Arraial do Cabo,-22.9661,-42.0278,22.55,80,100,4.24,BR,1620866121
57,Pemba,-12.974,40.5178,21.74,83,20,3.6,MZ,1620866122
58,Cape Town,-33.9258,18.4232,12.78,100,20,1.03,ZA,1620866122
59,Husavik,66.0449,-17.3389,-1.05,66,100,2.59,IS,1620866123
60,Padang,-0.9492,100.3543,27.42,82,99,0.81,ID,1620866123
61,San Cristobal,7.7669,-72.225,22.09,96,99,1.07,VE,1620866124
62,Andenes,69.3143,16.1194,6.96,81,90,2.06,NO,1620865913
63,Korçë,40.6186,20.7808,8.58,72,2,1.93,AL,1620866124
64,Saint-François,46.4154,3.9054,8.7,87,90,4.63,FR,1620866124
65,San Patricio,28.017,-97.5169,25.9,73,100,5.36,US,1620866125
66,Sur,22.5667,59.5289,29.96,54,96,4.37,OM,1620866125
67,Esperance,-33.8667,121.9,13.0,63,100,4.6,AU,1620866125
68,Kirakira,-10.4544,161.9205,29.47,67,29,3.24,SB,1620866126
69,George Town,5.4112,100.3354,27.94,90,20,0.45,MY,1620866126
70,Carmo do Rio Claro,-20.9719,-46.1189,17.23,64,7,0.19,BR,1620866126
71,Jacqueville,5.2052,-4.4146,26.93,73,3,5.79,CI,1620866127
72,Thai Binh,20.45,106.3333,27.98,78,37,6.57,VN,1620866127
73,Bluff,-46.6,168.3333,8.73,60,2,1.96,NZ,1620866128
74,Bambous Virieux,-20.3428,57.7575,24.27,71,75,6.02,MU,1620866128
75,Hermanus,-34.4187,19.2345,12.59,81,5,0.82,ZA,1620866128
76,Aklavik,68.2191,-135.0107,-3.04,72,99,4.74,CA,1620866129
77,Bayangol,50.6977,103.4656,2.61,85,100,1.43,RU,1620866129
78,Lewistown,40.5992,-77.5714,13.0,74,20,3.09,US,1620866129
79,Anloga,5.7947,0.8973,27.99,80,3,4.88,GH,1620866130
80,Tsiroanomandidy,-18.7667,46.0333,16.4,84,22,1.3,MG,1620866130
81,Shorap’ani,42.0898,43.0866,7.48,54,1,3.51,GE,1620866131
82,Acapulco de Juárez,16.8634,-99.8901,30.88,69,40,3.46,MX,1620865862
83,Yellowknife,62.456,-114.3525,11.67,50,75,6.17,CA,1620866131
84,Atar,20.5169,-13.0499,28.83,13,0,5.14,MR,1620866131
85,Punta Arenas,-53.15,-70.9167,4.82,90,40,3.41,CL,1620865968
86,Cocachacra,-17.0883,-71.7575,19.22,80,55,1.46,PE,1620866132
87,Biak,-0.9131,122.8766,28.13,69,16,2.86,ID,1620866132
88,Nikolskoye,59.7035,30.7861,15.0,62,0,1.0,RU,1620866133
89,Vera Cruz,-12.6333,-41.0333,18.0,77,0,1.54,BR,1620866134
90,Lorengau,-2.0226,147.2712,28.81,73,99,2.26,PG,1620866134
91,Saint George,37.1041,-113.5841,26.34,9,1,2.24,US,1620866134
92,Kapaa,22.0752,-159.319,27.0,61,20,7.72,US,1620866135
93,Fairbanks,64.8378,-147.7164,15.12,46,90,2.06,US,1620866022
94,Beloha,-25.1667,45.05,18.45,97,18,2.65,MG,1620866135
95,Ribeira Grande,38.5167,-28.7,17.06,89,11,3.9,PT,1620866136
96,Jamestown,42.097,-79.2353,9.43,35,1,2.57,US,1620866136
97,Moose Factory,51.2585,-80.6094,13.95,51,40,2.57,CA,1620866136
98,Los Lunas,34.8062,-106.7334,17.08,20,0,0.45,US,1620866137
99,Isla Mujeres,21.2311,-86.731,29.0,74,75,4.12,MX,1620866137
100,Atuona,-9.8,-139.0333,26.51,81,25,7.97,PF,1620866138
101,Saint Anthony,45.0205,-93.218,20.0,16,1,4.12,US,1620866138
102,Charlestown,-32.95,151.6667,21.11,80,1,2.11,AU,1620866139
103,Chicama,-7.8447,-79.1469,17.11,77,7,2.51,PE,1620866139
104,Cherskiy,68.75,161.3,-4.29,84,95,2.08,RU,1620866139
105,Kitimat,54.0524,-128.6534,18.83,52,97,0.89,CA,1620866139
106,Buchanan,5.8808,-10.0467,26.31,80,42,2.15,LR,1620866140
107,Bethel,41.3712,-73.414,16.16,42,1,0.0,US,1620866140
108,Jardim,-21.4803,-56.1381,14.76,98,61,1.84,BR,1620865905
109,Klaksvík,62.2266,-6.589,3.84,75,100,8.95,FO,1620866140
110,Butaritari,3.0707,172.7902,28.39,76,19,5.63,KI,1620866141
111,Olbia,40.9214,9.4856,16.0,77,0,6.69,IT,1620866141
112,Puri,19.8,85.85,30.0,84,93,8.77,IN,1620866142
113,Buraidah,26.326,43.975,25.05,15,37,2.4,SA,1620866142
114,Airai,-8.9266,125.4092,20.64,62,12,2.29,TL,1620866143
115,Defiance,41.3334,-84.45,16.0,31,1,2.57,US,1620866143
116,Norman Wells,65.282,-126.8329,5.6,81,90,6.17,CA,1620866144
117,Bogovarovo,58.9785,47.0246,12.13,89,9,1.77,RU,1620866144
118,Panguna,-6.3164,155.4848,28.54,55,54,1.31,PG,1620866145
119,Zhigansk,66.7697,123.3711,1.98,57,14,3.16,RU,1620866145
120,Saint Stephen,50.3333,-4.9,6.68,88,100,4.03,GB,1620866145
121,Vanimo,-2.6741,141.3028,29.78,68,73,2.15,PG,1620866145
122,Guerrero Negro,27.9769,-114.0611,18.28,68,0,7.18,MX,1620866146
123,Gandajika,-6.75,23.95,18.24,77,0,1.46,CD,1620866146
124,Saskylakh,71.9167,114.0833,0.49,89,100,3.25,RU,1620866147
125,Yeppoon,-23.1333,150.7333,24.82,74,8,2.6,AU,1620866147
126,Ayan,56.45,138.1667,2.36,78,12,3.64,RU,1620865930
127,Sydney Mines,46.2367,-60.2177,4.44,79,40,0.89,CA,1620866147
128,Srinagar,34.0833,74.8167,12.7,76,100,0.52,IN,1620866148
129,Ariquemes,-9.9133,-63.0408,23.37,85,37,1.44,BR,1620866148
130,Chui,-33.6971,-53.4616,9.83,78,0,2.74,UY,1620866148
131,Mandapam,9.2833,79.1167,29.78,75,100,4.4,IN,1620866149
132,New Norfolk,-42.7826,147.0587,15.8,74,100,0.45,AU,1620866149
133,Port Elizabeth,-33.918,25.5701,10.77,93,0,1.54,ZA,1620866149
134,Cururupu,-1.8283,-44.8683,23.29,97,86,1.35,BR,1620865942
135,Portland,45.5234,-122.6762,27.16,37,20,1.34,US,1620865610
136,São João da Barra,-21.6403,-41.0511,21.62,85,11,2.82,BR,1620865974
137,Yumen,40.2833,97.2,15.99,34,18,9.22,CN,1620866150
138,Cidreira,-30.1811,-50.2056,13.47,76,0,2.12,BR,1620866151
139,Kenai,60.5544,-151.2583,11.53,71,90,2.06,US,1620866151
140,San Quintín,30.4833,-115.95,18.1,69,0,4.26,MX,1620866152
141,Bud,39.447,-86.1758,13.89,44,1,2.57,US,1620866152
142,South Valley,35.0101,-106.6781,16.37,18,20,2.06,US,1620866111
143,Ongandjera,-17.8833,15.0667,17.27,32,1,3.44,NA,1620866152
144,Patnāgarh,20.7167,83.15,30.29,52,39,3.24,IN,1620866153
145,Mar del Plata,-38.0023,-57.5575,14.44,81,0,5.14,AR,1620866153
146,Hilo,19.7297,-155.09,28.0,54,90,5.14,US,1620866154
147,Sompeta,18.9333,84.6,29.08,83,58,5.84,IN,1620866154
148,Vidim,56.4088,103.1106,4.41,48,8,3.3,RU,1620866155
149,San-Pédro,4.7485,-6.6363,26.25,76,14,2.7,CI,1620866155
150,Lompoc,34.6391,-120.4579,23.69,84,90,4.63,US,1620865943
151,Lagoa,39.05,-27.9833,16.78,86,16,6.04,PT,1620866156
152,La Ronge,55.1001,-105.2842,13.68,33,20,2.06,CA,1620866156
153,Cayenne,4.9333,-52.3333,24.97,89,75,1.79,GF,1620866156
154,Lata,40.1629,-8.3327,11.1,88,89,0.69,PT,1620866157
155,Río Gallegos,-51.6226,-69.2181,7.92,57,0,2.06,AR,1620866157
156,Udalguri,26.7667,92.1333,20.91,90,100,1.7,IN,1620866157
157,Henties Bay,-22.116,14.2845,21.67,46,0,1.95,NA,1620866158
158,Jizan,17.3333,42.6667,30.49,41,81,0.64,SA,1620866158
159,Lawrence,38.9717,-95.2353,17.0,27,1,3.09,US,1620866076
160,Provideniya,64.3833,-173.3,1.97,87,90,5.0,RU,1620866158
161,Kamaishi,39.2667,141.8833,18.94,81,58,5.69,JP,1620866159
162,Mahon,39.8885,4.2658,15.0,94,0,1.54,ES,1620866159
163,Haines Junction,60.7522,-137.5108,9.0,40,84,5.66,CA,1620866160
164,Pangnirtung,66.1451,-65.7125,-0.95,93,99,1.92,CA,1620866160
165,Suntar,62.1444,117.6319,7.48,39,0,2.92,RU,1620866160
166,Östersund,63.1792,14.6357,7.22,100,90,2.06,SE,1620866161
167,Calvinia,-31.4707,19.776,13.53,28,0,1.61,ZA,1620866161
168,Pevek,69.7008,170.3133,-1.55,87,100,1.87,RU,1620866161
169,Hirara,24.8,125.2833,27.86,83,40,8.23,JP,1620866162
170,Capreol,46.706,-80.9225,13.99,65,75,1.62,CA,1620866162
171,Mercedes,-34.6515,-59.4307,12.51,51,2,3.68,AR,1620866162
172,Pinawa,50.1489,-95.8811,17.52,33,83,3.73,CA,1620866163
173,Caravelas,-17.7125,-39.2481,21.83,85,100,1.84,BR,1620866163
174,Wewak,-3.5534,143.6268,29.33,68,33,2.38,PG,1620866163
175,Mauá,-23.6678,-46.4614,11.0,97,100,3.23,BR,1620866164
176,Belmonte,-15.8631,-38.8828,23.97,79,100,1.6,BR,1620866164
177,Dikson,73.5069,80.5464,-2.92,95,82,4.07,RU,1620866164
178,Samokov,42.3333,23.55,12.22,93,20,1.03,BG,1620866165
179,Saint Paul Harbor,57.79,-152.4072,7.6,71,90,5.66,US,1620866165
180,Monrovia,6.3005,-10.7969,26.81,80,45,2.13,LR,1620866165
181,Ponta do Sol,32.6667,-17.1,18.0,84,60,1.55,PT,1620866166
182,Petropavlovsk-Kamchatskiy,53.0452,158.6483,10.08,59,18,1.85,RU,1620865935
183,Ol'ga,43.7444,135.2892,11.89,75,93,2.18,RU,1620865927
184,Oranjemund,-28.55,16.4333,14.72,73,0,2.43,NA,1620866166
185,Salinópolis,-0.6136,-47.3561,25.06,88,99,1.61,BR,1620866166
186,Puksoozero,62.5903,40.6066,12.49,81,0,2.23,RU,1620866167
187,Fuerte,17.5381,120.3644,30.94,63,7,2.34,PH,1620866168
188,Matara,5.9485,80.5353,26.55,86,100,3.23,LK,1620866168
189,Lavrentiya,65.5833,-171.0,0.89,97,100,0.88,RU,1620866169
190,Constitución,-35.3333,-72.4167,12.94,58,94,2.72,CL,1620866169
191,Vernon,50.2581,-119.2691,12.48,82,100,3.09,CA,1620866012
192,Chifeng,42.2683,118.9636,16.38,43,100,3.05,CN,1620866169
193,Kendrapara,20.5042,86.416,29.94,81,100,4.13,IN,1620866170
194,Cockburn Town,21.4612,-71.1419,25.97,73,40,6.17,TC,1620866170
195,Palmas Bellas,9.2319,-80.0867,27.67,87,100,2.38,PA,1620866170
196,Osoyoos,49.0331,-119.4524,17.21,63,90,1.03,CA,1620866171
197,Mossamedes,-15.1961,12.1522,23.49,64,0,1.79,AO,1620866171
198,Port Augusta,-32.5,137.7667,16.0,35,0,3.53,AU,1620866171
199,Newport,51.5877,-2.9984,9.31,90,100,6.22,GB,1620866172
200,Evensk,61.95,159.2333,1.85,65,5,0.34,RU,1620866172
201,Dawlatabad,36.4141,64.9053,20.39,28,0,3.11,AF,1620866172
202,Nur-Sultan,51.1801,71.446,9.68,67,0,5.22,KZ,1620866173
203,Dunedin,-45.8742,170.5036,11.56,42,7,4.47,NZ,1620866173
204,Ossora,59.2353,163.0719,1.12,79,78,1.08,RU,1620866173
205,Ylöjärvi,61.5563,23.5961,15.0,51,0,2.57,FI,1620866174
206,Saldanha,-33.0117,17.9442,8.81,87,0,2.73,ZA,1620866174
207,Toamasina,-18.1667,49.3833,21.94,94,75,2.57,MG,1620866174
208,Smidovich,48.6,133.8167,12.82,70,99,5.75,RU,1620866175
209,Uzhur,55.3036,89.8339,11.83,49,1,2.1,RU,1620866175
210,Hambantota,6.1241,81.1185,25.0,100,40,1.03,LK,1620866175
211,Nome,64.5011,-165.4064,2.98,87,90,2.57,US,1620866176
212,Bahía Blanca,-38.7196,-62.2724,14.71,53,0,4.64,AR,1620865981
213,Neuquén,-38.9516,-68.0591,6.18,71,0,0.0,AR,1620866176
214,Tuktoyaktuk,69.4541,-133.0374,-8.0,79,90,6.69,CA,1620866176
215,Ambilobe,-13.2,49.05,19.45,91,1,1.5,MG,1620866177
216,Port Keats,-14.25,129.55,28.42,28,0,6.22,AU,1620866177
217,Kondinskoye,59.6481,67.41,13.83,78,100,4.61,RU,1620866177
218,Avera,33.194,-82.5271,10.0,84,90,3.6,US,1620866178
219,Carnarvon,-24.8667,113.6333,19.0,82,0,2.57,AU,1620866178
220,Santa Cruz de la Sierra,-17.8,-63.1667,15.98,63,100,3.4,BO,1620866178
221,Faanui,-16.4833,-151.75,27.92,79,100,8.89,PF,1620866179
222,Hobart,-42.8794,147.3294,15.99,67,75,0.45,AU,1620865983
223,Ust'-Shonosha,61.1531,41.343,11.69,72,4,1.6,RU,1620866179
224,Natal,-5.795,-35.2094,23.81,96,75,3.91,BR,1620865887
225,Longyearbyen,78.2186,15.6401,-6.27,68,40,1.54,SJ,1620866180
226,Kloulklubed,7.0419,134.2556,28.97,79,60,6.18,PW,1620866180
227,Port Hedland,-20.3167,118.5667,25.96,36,0,3.6,AU,1620866180
228,Leningradskiy,69.3833,178.4167,0.48,97,100,1.65,RU,1620866181
229,Grand Gaube,-20.0064,57.6608,24.36,72,36,2.24,MU,1620866181
230,Chara,56.9064,118.2631,2.74,72,100,1.86,RU,1620866181
231,Olafsvik,64.8945,-23.7142,4.21,63,100,1.6,IS,1620866181
232,Fortuna,40.5982,-124.1573,11.67,93,90,6.17,US,1620866182
233,Sanguéya,10.7,-14.3667,25.28,79,100,0.66,GN,1620866182
234,Severo-Kuril'sk,50.6789,156.125,3.25,79,20,7.11,RU,1620866183
235,Touros,-5.1989,-35.4608,23.94,96,100,6.93,BR,1620866183
236,Umm Bāb,25.2142,50.8072,29.03,43,0,1.97,QA,1620866183
237,Bairiki Village,1.3292,172.9752,30.95,75,75,4.18,KI,1620866183
238,Tasiilaq,65.6145,-37.6368,-3.0,93,90,1.03,GL,1620866184
239,Teixeira,-7.2228,-37.2542,19.57,90,0,3.82,BR,1620866184
240,Yabrūd,33.9674,36.6574,15.0,63,0,3.09,SY,1620866185
241,Shaunavon,49.6501,-108.4181,8.07,33,44,1.98,CA,1620866185
242,Fernley,39.608,-119.2518,28.33,9,99,1.79,US,1620866115
243,Hobyo,5.3505,48.5268,27.18,72,100,9.93,SO,1620866185
244,Zihuatanejo,17.6333,-101.55,29.24,68,100,2.76,MX,1620866186
245,Manatí,18.4275,-66.4921,26.76,83,100,4.99,PR,1620865989
246,Oeiras,-7.0253,-42.1311,26.71,50,53,1.9,BR,1620866186
247,Oistins,13.0667,-59.5333,25.71,65,20,8.75,BB,1620866186
248,Ayagoz,47.9714,80.4392,10.96,35,100,3.68,KZ,1620866162
249,‘Ewa Beach,21.3156,-158.0072,28.95,45,1,6.17,US,1620866041
250,Deputatsky,69.3,139.9,-6.54,84,97,0.98,RU,1620866187
251,Florø,61.5996,5.0328,9.98,76,89,2.57,NO,1620866187
252,Bariloche,-41.1456,-71.3082,6.0,87,40,2.06,AR,1620866188
253,Rome,43.2128,-75.4557,13.12,35,1,4.12,US,1620866104
254,Şuraabad,40.8192,49.4687,10.14,84,96,0.56,AZ,1620866188
255,Coquimbo,-29.9533,-71.3436,13.92,85,75,2.75,CL,1620865905
256,Fort Nelson,58.8053,-122.7002,17.0,36,40,1.54,CA,1620866189
257,Uíge,-7.6087,15.0613,20.58,79,40,1.08,AO,1620866189
258,Souillac,-20.5167,57.5167,24.0,83,75,4.12,MU,1620866189
259,Nāwa,27.0167,75.0,27.6,37,100,6.58,IN,1620866190
260,Cabedelo,-6.9811,-34.8339,24.0,100,90,3.09,BR,1620866190
261,Ahipara,-35.1667,173.1667,18.42,51,7,1.8,NZ,1620866191
262,Takhtamygda,54.1,123.5667,6.01,96,100,0.97,RU,1620866191
263,Bereda,43.2686,-7.5406,10.67,97,100,2.69,ES,1620866191
264,Kahului,20.8947,-156.47,28.0,62,20,8.75,US,1620865986
265,Madona,56.8533,26.217,10.7,79,68,2.47,LV,1620866192
266,Izazi,-7.2,35.7333,19.83,62,97,1.37,TZ,1620866192
267,Lebu,-37.6167,-73.65,12.07,86,100,5.25,CL,1620866193
268,Clyde River,70.4692,-68.5914,-1.84,93,100,1.64,CA,1620866193
269,Kruisfontein,-34.0033,24.7314,10.98,85,0,1.59,ZA,1620866193
270,Port Macquarie,-31.4333,152.9167,20.49,72,2,3.23,AU,1620866090
271,Jinxiang,27.4327,120.6062,23.42,91,94,0.72,CN,1620866194
272,Labuan,5.2767,115.2417,30.0,74,20,0.89,MY,1620866194
273,Wajima,37.4,136.9,21.0,52,0,2.06,JP,1620866195
274,Stornoway,58.2093,-6.3865,7.96,87,75,6.69,GB,1620866195
275,Fort Frances,48.5999,-93.4003,16.8,19,40,3.6,CA,1620866018
276,Aberdeen,57.1437,-2.0981,7.68,100,90,1.54,GB,1620866195
277,Muros,42.7762,-9.0603,14.35,90,100,5.99,ES,1620866195
278,Myrtle Beach,33.6891,-78.8867,9.99,92,90,4.12,US,1620866046
279,Dawson Creek,55.7666,-120.2362,14.54,34,20,6.17,CA,1620866196
280,Waipawa,-41.4122,175.5153,13.89,58,40,5.66,NZ,1620866196
281,Mehamn,71.0357,27.8492,4.39,93,98,3.77,NO,1620866197
282,Rincon,32.296,-81.2354,15.0,100,90,4.12,US,1620866197
283,Penzance,50.1186,-5.5371,6.67,93,100,1.54,GB,1620866198
284,Labateca,7.2985,-72.4944,18.67,95,99,1.16,CO,1620866198
285,Faya,18.3851,42.4509,5.73,42,39,1.76,SA,1620866198
286,Payakumbuh,-0.2202,100.6308,24.4,89,97,0.5,ID,1620866199
287,Xinmin,41.9908,122.8253,15.77,58,100,5.01,CN,1620866199
288,Spasskoye,44.6108,132.7969,14.96,67,0,8.95,RU,1620866199
289,Sinnamary,5.3833,-52.95,24.74,89,99,4.24,GF,1620866200
290,Soe,-9.8607,124.284,23.54,66,94,4.1,ID,1620866200
291,Kyritz,52.9421,12.397,11.4,98,100,4.86,DE,1620866200
292,Oruzgan,32.8333,66.0,16.85,39,0,2.87,AF,1620866201
293,Kumul,42.8,93.45,15.59,37,100,6.45,CN,1620866201
294,De-Kastri,51.4667,140.7833,3.6,93,100,4.47,RU,1620866201
295,Canguçu,-31.395,-52.6756,4.12,89,0,0.7,BR,1620865988
296,Tena,-0.9833,-77.8167,20.86,98,24,1.0,EC,1620866043
297,Belaya Gora,68.5333,146.4167,-1.56,93,98,2.15,RU,1620866202
298,Kushima,31.4583,131.2333,20.98,85,100,1.84,JP,1620866202
299,Bilma,18.6853,12.9164,32.94,8,1,2.79,NE,1620866203
300,Republic,37.12,-93.4802,16.41,74,1,3.7,US,1620866203
301,Ranfurly,-45.1333,170.1,8.37,44,3,0.89,NZ,1620866203
302,Kununurra,-15.7667,128.7333,26.0,36,0,4.12,AU,1620866204
303,Bossangoa,6.4926,17.4552,22.46,86,100,1.16,CF,1620866204
304,Abhā,18.2164,42.5053,20.0,49,0,2.39,SA,1620866204
305,Inyonga,-6.7167,32.0667,15.99,87,1,2.01,TZ,1620866206
306,Tezu,27.9167,96.1667,23.52,70,100,1.01,IN,1620866206
307,Ephrata,40.1798,-76.1788,15.25,69,20,2.82,US,1620865924
308,Rosarito,32.3333,-117.0333,21.18,73,9,2.29,MX,1620866207
309,Sabang,5.8933,95.3214,28.69,72,18,0.97,ID,1620866207
310,Bac Lieu,9.285,105.7244,30.18,65,90,2.45,VN,1620866207
311,Ola,59.5833,151.2833,2.08,69,30,2.72,RU,1620865989
312,Mjölby,58.326,15.1237,10.91,97,48,0.11,SE,1620866208
313,Ballina,-28.8667,153.5667,21.0,78,75,5.14,AU,1620866208
314,Vao,-22.6667,167.4833,23.78,81,100,9.23,NC,1620866209
315,Cardston,49.2,-113.3019,17.0,27,100,2.57,CA,1620866209
316,Taksimo,56.3444,114.8794,5.97,53,100,2.36,RU,1620866210
317,Iskateley,67.6803,53.1512,2.19,84,100,2.15,RU,1620866210
318,Crevedia Mare,44.4292,25.6256,13.33,81,100,3.93,RO,1620866210
319,Llanes,43.4198,-4.7549,12.78,76,98,2.23,ES,1620866211
320,Asekeyevo,53.5742,52.7972,14.17,67,25,3.01,RU,1620866211
321,Sistranda,63.7256,8.834,7.0,93,75,1.54,NO,1620866212
322,Amazar,53.858,120.875,6.26,76,100,2.31,RU,1620866212
323,Vaitape,-16.5167,-151.75,27.92,79,100,8.87,PF,1620866212
324,Saint-Augustin,51.226,-58.6502,4.25,67,100,8.8,CA,1620866213
325,Grindavik,63.8424,-22.4338,4.0,75,75,1.03,IS,1620866213
326,Benicarló,40.4165,0.4271,11.03,63,5,3.85,ES,1620866213
327,Porto Santo,33.072,-16.3415,18.6,77,75,2.57,PT,1620866214
328,Green River,41.5286,-109.4662,4.0,23,99,7.72,US,1620866214
329,Yaan,7.3833,8.5667,24.99,87,100,3.85,NG,1620866214
330,Qeshm,26.9581,56.2719,28.0,69,5,2.06,IR,1620866215
331,Aitape,-3.1374,142.3475,29.98,65,58,1.47,PG,1620866215
332,Waingapu,-9.6567,120.2641,28.11,72,99,8.12,ID,1620866216
333,Kasongo-Lunda,-6.4667,16.8167,21.59,77,51,1.15,CD,1620866216
334,Harper,4.375,-7.7169,26.41,74,2,2.52,LR,1620866216
335,Tiksi,71.6872,128.8694,-3.86,75,100,2.23,RU,1620866217
336,Tautira,-17.7333,-149.15,31.0,82,100,9.28,PF,1620866217
337,Raja,8.4596,25.678,21.51,89,78,1.35,SS,1620866217
338,Sambava,-14.2667,50.1667,22.12,84,14,4.0,MG,1620866218
339,Poum,-20.2333,164.0167,26.12,76,100,9.52,NC,1620866218
340,Piaçabuçu,-10.4056,-36.4344,24.21,89,29,3.54,BR,1620866218
341,Mont-Dore,-22.2833,166.5833,28.28,75,100,4.38,NC,1620866219
342,Sisimiut,66.9395,-53.6735,0.52,83,77,1.33,GL,1620866219
343,Teluknaga,-6.0989,106.6381,29.96,78,20,1.54,ID,1620865991
344,Talnakh,69.4865,88.3972,0.09,98,100,0.95,RU,1620865990
345,Isangel,-19.55,169.2667,28.0,68,40,5.75,VU,1620866220
346,Kiama,-34.6833,150.8667,21.67,68,0,2.68,AU,1620866220
347,Geraldton,-28.7667,114.6,19.0,62,100,7.85,AU,1620866220
348,Lodja,-3.4833,23.4333,20.44,85,0,1.05,CD,1620866221
349,Novaya Ladoga,60.1025,32.3019,13.81,83,3,2.95,RU,1620866221
350,Sirte,31.2089,16.5887,18.34,77,0,5.0,LY,1620866221
351,Lincoln,40.8,-96.667,15.63,69,1,2.06,US,1620866076
352,Arlit,18.7369,7.3853,32.58,7,90,4.25,NE,1620866222
353,Okha,53.5739,142.9478,6.61,73,3,5.65,RU,1620866223
354,Roald,62.5833,6.1333,9.0,93,90,8.75,NO,1620866223
355,Hervey Bay,-25.2986,152.8535,24.86,74,0,2.24,AU,1620866223
356,Santa Isabel Rio Negro,-0.4139,-65.0192,22.14,98,68,0.88,BR,1620866224
357,Tara,56.8944,74.371,8.62,49,100,2.17,RU,1620866224
358,Imeni Poliny Osipenko,52.4201,136.4853,12.93,65,100,3.75,RU,1620866225
359,Westerland,54.9079,8.3033,9.4,100,90,3.6,DE,1620866225
360,Yakeshi,49.2833,120.7333,12.44,45,0,6.4,CN,1620866225
361,Chapais,49.7834,-74.8492,9.42,52,67,2.59,CA,1620866226
362,Maceió,-9.6658,-35.7353,23.93,84,40,2.94,BR,1620865961
363,Prince Rupert,54.3161,-130.3201,11.83,71,20,4.12,CA,1620866226
364,Hithadhoo,-0.6,73.0833,26.42,87,100,8.0,MV,1620866226
365,Muroto-misakicho,33.2833,134.15,19.98,84,100,6.69,JP,1620866227
366,Vila Velha,-20.3297,-40.2925,22.97,75,0,0.89,BR,1620866227
367,São Desidério,-12.3633,-44.9733,20.12,58,99,1.58,BR,1620866227
368,Praia da Vitória,38.7333,-27.0667,17.8,77,0,2.54,PT,1620866228
369,Otjiwarongo,-20.4637,16.6477,12.9,39,0,4.72,NA,1620866228
370,Kashkhatau,43.3185,43.608,10.0,76,0,2.0,RU,1620866229
371,Ürümqi,43.801,87.6005,12.0,54,0,2.0,CN,1620866229
372,Nishifukuma,33.7667,130.4667,21.67,87,96,2.97,JP,1620866229
373,Sitka,57.0531,-135.33,8.94,71,90,3.09,US,1620865938
374,Tarrafal,15.2833,-23.7667,22.21,85,3,7.32,CV,1620866230
375,Tarancón,40.0085,-3.0073,7.47,70,0,2.48,ES,1620866230
376,Labuhan,-6.8844,112.2051,27.35,78,100,2.83,ID,1620866230
377,Havre-St-Pierre,50.2334,-63.5986,7.0,57,90,2.06,CA,1620866231
378,Faro,37.0194,-7.9322,14.86,72,0,4.63,PT,1620866231
379,Ust-Nera,64.5667,143.2,2.54,99,100,1.91,RU,1620866231
380,Bonthe,7.5264,-12.505,27.03,84,100,1.63,SL,1620866232
381,Mormugao,15.4,73.8,28.0,94,40,2.57,IN,1620866232
382,Makar'yev,57.8797,43.8069,14.8,81,100,1.86,RU,1620866233
383,Vanavara,60.34,102.2797,5.88,44,6,1.82,RU,1620866233
384,Oriximiná,-1.7656,-55.8661,24.05,94,99,1.42,BR,1620866233
385,Terrace,54.5163,-128.6035,19.0,34,75,5.14,CA,1620866234
386,Tricase,39.9304,18.3553,16.03,76,2,7.21,IT,1620866234
387,Marsá Maţrūḩ,31.3525,27.2453,16.95,72,0,1.54,EG,1620866221
388,Laguna,38.421,-121.4238,34.0,9,20,3.6,US,1620866235
389,Cabo San Lucas,22.8909,-109.9124,32.0,31,1,5.66,MX,1620866075
390,Halden,59.1226,11.3871,9.44,93,90,1.54,NO,1620866235
391,Srebrenica,44.1064,19.2969,8.59,85,97,1.97,BA,1620866235
392,The Valley,18.217,-63.0578,26.9,76,100,8.17,AI,1620866236
393,Kodīnar,20.7903,70.7031,27.5,76,100,5.04,IN,1620866236
394,Kaitangata,-46.2817,169.8464,8.33,62,10,3.58,NZ,1620866236
395,Elizabeth City,36.2946,-76.2511,12.99,88,75,2.57,US,1620866237
396,Port-Cartier,50.0334,-66.8654,8.15,69,93,3.74,CA,1620866237
397,Kutum,14.2,24.6667,23.93,41,3,2.52,SD,1620866238
398,Gravdal,68.1214,13.5031,4.83,94,100,8.23,NO,1620866238
399,Mitú,1.1983,-70.1733,22.31,97,20,0.87,CO,1620866007
400,Poção de Pedras,-4.6667,-44.85,26.02,76,100,0.67,BR,1620866239
401,Mayo,38.8876,-76.5119,16.08,68,1,0.45,US,1620866239
402,Khatanga,71.9667,102.5,-0.43,90,100,5.89,RU,1620866239
403,Halifax,44.6453,-63.5724,8.0,78,20,0.45,CA,1620866215
404,Saint-Louis,16.3333,-15.0,31.76,35,100,4.91,SN,1620866240
405,Terney,45.0503,136.6092,10.48,80,44,3.52,RU,1620866240
406,Ilulissat,69.2167,-51.1,3.78,56,65,5.66,GL,1620866240
407,Boca do Acre,-8.7522,-67.3978,22.67,98,73,0.73,BR,1620866241
408,Salalah,17.0151,54.0924,28.0,78,0,0.76,OM,1620866241
409,Hala,25.8131,68.4227,26.8,46,89,5.49,PK,1620866241
410,Nizhniy Kuranakh,58.8353,125.4869,3.99,98,100,0.99,RU,1620866242
411,Eureka,40.8021,-124.1637,14.39,83,2,0.45,US,1620866242
412,Anchorage,61.2181,-149.9003,14.26,48,75,0.89,US,1620866082
413,Kennett,36.2362,-90.0556,17.5,32,1,4.12,US,1620866242
414,Nanortalik,60.1432,-45.2371,4.96,67,10,3.07,GL,1620866243
415,Māngrol,21.1167,70.1167,28.07,76,100,5.36,IN,1620866243
416,Pointe Michel,15.25,-61.3833,26.19,76,100,6.47,DM,1620866243
417,Puerto Escondido,15.85,-97.0667,30.0,70,1,3.09,MX,1620866244
418,Iqaluit,63.7506,-68.5145,0.69,80,75,8.05,CA,1620866244
419,Upernavik,72.7868,-56.1549,-1.18,91,100,4.28,GL,1620866244
420,Beringovskiy,63.05,179.3167,0.16,99,100,3.04,RU,1620866245
421,Shelburne,44.0787,-80.2041,11.83,69,5,4.76,CA,1620866245
422,Malazgirt,39.1427,42.5401,10.48,54,19,1.43,TR,1620866245
423,Kiruna,67.8557,20.2251,0.59,100,90,2.57,SE,1620866246
424,Novobirilyussy,56.9514,90.6661,10.67,50,1,2.64,RU,1620866246
425,Fuling,29.7022,107.3919,23.07,88,100,1.43,CN,1620866247
426,Srednekolymsk,67.45,153.6833,-1.44,86,95,4.15,RU,1620866247
427,Inhambane,-23.865,35.3833,20.12,68,0,2.28,MZ,1620866247
428,Maunabo,18.0072,-65.8993,26.89,85,100,5.14,PR,1620866248
429,Nyrob,60.733,56.7202,12.86,84,83,0.75,RU,1620866248
430,Pyrzyce,53.1462,14.8926,13.09,98,100,4.77,PL,1620866248
431,High Level,58.5169,-117.136,8.88,71,75,1.81,CA,1620866248
432,Kholmogory,64.2229,41.656,8.99,72,0,1.68,RU,1620866249
433,Port Blair,11.6667,92.75,29.22,72,42,1.55,IN,1620866249
434,Hjelset,62.7833,7.4833,9.0,76,90,4.63,NO,1620866250
435,Vytegra,61.0064,36.4481,12.28,87,0,2.37,RU,1620866250
436,Zacamulpa,19.3564,-99.3333,17.0,67,90,6.69,MX,1620866251
437,Tura,25.5198,90.2201,22.03,87,49,0.82,IN,1620866251
438,Madang,-5.2246,145.7966,29.46,65,44,1.77,PG,1620866251
439,Brae,60.3964,-1.353,6.94,78,99,6.48,GB,1620866252
440,Kiryat Gat,31.61,34.7642,18.89,100,0,1.34,IL,1620866252
441,Camaná,-16.6228,-72.7111,19.62,78,73,1.9,PE,1620866252
442,Araouane,18.9048,-3.5265,32.72,9,15,7.77,ML,1620866253
443,Tilichiki,60.4667,166.1,-0.82,92,61,2.85,RU,1620865990
444,Vardø,70.3705,31.1107,5.38,90,100,3.11,NO,1620866253
445,Kargasok,59.0556,80.8572,6.4,86,100,4.55,RU,1620866253
446,Trois-Rivières,46.3501,-72.5491,15.0,31,51,2.06,CA,1620866254
447,Kalabo,-14.97,22.6814,14.04,61,0,2.1,ZM,1620866254
448,Huarmey,-10.0681,-78.1522,19.35,84,7,2.84,PE,1620866255
449,Phayao,19.25,100.25,25.47,68,0,0.44,TH,1620866255
450,Changzhou,31.7833,119.9667,20.51,78,91,3.49,CN,1620866192
451,Cravo Norte,6.3017,-70.2041,24.13,92,90,2.29,CO,1620866255
452,Rosário do Sul,-30.2583,-54.9142,9.2,76,0,1.42,BR,1620866256
453,Basqal,40.7552,48.391,12.03,44,8,1.88,AZ,1620866256
454,Pincher Creek,49.4833,-113.952,10.56,36,20,6.17,CA,1620866256
455,Barcelona,41.3888,2.159,17.49,78,20,1.34,ES,1620865758
456,Daro,8.5185,-9.569,20.93,99,100,0.46,GN,1620866257
457,Jinchang,38.4953,102.1739,20.77,22,5,6.07,CN,1620866257
458,Ugoofaaru,5.6667,73.0,29.06,73,100,11.04,MV,1620866257
459,Cleburne,32.3476,-97.3867,15.18,87,90,4.63,US,1620866258
460,Palmer,42.1584,-72.3287,14.29,57,75,1.16,US,1620866258
461,Sørkjosen,69.8,20.9333,4.05,93,100,0.91,NO,1620866258
462,Mareeba,-17.0,145.4333,26.27,54,0,1.39,AU,1620866259
463,Vredendal,-31.6683,18.5012,11.56,84,0,0.83,ZA,1620866259
464,Yamada,39.4667,141.95,17.64,68,31,5.78,JP,1620866259
465,Katsuura,35.1333,140.3,17.78,93,100,7.24,JP,1620866260
466,Ambon City,-3.6954,128.1814,28.93,80,40,5.24,ID,1620866260
467,Charyshskoye,51.3978,83.5598,11.22,65,14,1.63,RU,1620866261
468,Nakamura,32.9833,132.9333,20.44,83,100,0.39,JP,1620866261
469,Pirapó,-26.85,-55.5333,9.55,81,0,1.31,PY,1620866261
470,Karatsu,33.4425,129.9697,21.61,78,90,0.89,JP,1620866265
471,Skagen,57.7209,10.5839,11.09,89,60,3.14,DK,1620866265
472,Rāzampeta,14.1833,79.1667,29.42,69,100,1.17,IN,1620866266
473,Thinadhoo,0.5333,72.9333,27.21,83,100,9.2,MV,1620866266
474,Port-Gentil,-0.7193,8.7815,27.71,80,100,3.33,GA,1620866267
475,Namatanai,-3.6667,152.4333,29.51,67,4,1.53,PG,1620866267
476,Turukhansk,65.8167,87.9833,2.48,85,98,3.37,RU,1620866267
477,Jalu,29.0331,21.5482,25.99,14,0,2.83,LY,1620866268
478,Jinxi,30.4323,116.2922,24.64,75,100,1.17,CN,1620866268
479,Yangi Marg`ilon,40.4272,71.7189,12.54,59,0,0.42,UZ,1620866269
480,Comodoro Rivadavia,-45.8667,-67.5,14.66,38,0,5.14,AR,1620866269
481,Port Hardy,50.6996,-127.4199,13.0,82,75,5.14,CA,1620866270
482,Qui Nhon,13.7667,109.2333,29.42,72,11,1.42,VN,1620866270
483,Tutóia,-2.7619,-42.2744,25.65,86,10,2.09,BR,1620866270
484,Oyugis,-0.509,34.7358,15.88,90,100,1.44,KE,1620866271
485,Sioux Lookout,50.1001,-91.917,19.0,19,20,3.6,CA,1620866271
486,Dickinson,29.4608,-95.0513,20.56,82,91,2.24,US,1620866272
487,Plainview,40.7765,-73.4673,17.0,29,75,3.09,US,1620866151
488,Sarwār,26.0667,75.0,27.54,41,88,5.78,IN,1620866272
489,Montepuez,-13.1256,38.9997,17.55,96,92,2.49,MZ,1620866272
490,Lahad Datu,5.0268,118.327,27.86,81,86,0.53,MY,1620866273
491,Jianning,27.8333,113.15,21.68,98,100,1.39,CN,1620866273
492,Baoro,5.6667,15.9667,19.49,92,78,0.9,CF,1620866273
493,Verkh-Usugli,52.7,115.1667,7.33,29,0,4.46,RU,1620866274
494,Ledyard Center,41.4398,-72.0142,16.0,39,90,5.14,US,1620866274
495,Akdepe,42.0551,59.3788,18.0,36,0,4.12,TM,1620866275
496,Korla,41.7597,86.1469,16.94,22,100,5.88,CN,1620866275
497,Pak Phanang,8.3511,100.202,27.0,89,40,1.54,TH,1620866275
498,Linqiong,30.4159,103.4609,20.59,87,100,1.01,CN,1620866276
499,Bako,5.7833,36.5667,16.58,93,100,1.72,ET,1620866276
500,Manali,13.1667,80.2667,29.42,77,100,5.37,IN,1620866277
501,Darnah,32.767,22.6367,18.87,64,0,4.12,LY,1620866277
502,Knysna,-34.0363,23.0471,9.95,83,1,1.3,ZA,1620866277
503,Eyl,7.9803,49.8164,26.47,75,50,6.9,SO,1620866277
504,Kumluca,36.3703,30.2869,19.37,73,100,0.74,TR,1620866278
505,Yenagoa,4.9247,6.2642,24.57,93,55,1.23,NG,1620866278
506,Bull Savanna,17.8868,-77.5902,24.29,84,0,4.78,JM,1620866278
507,Boyolangu,-8.1181,111.8935,26.71,76,83,3.73,ID,1620866279
508,Tiznit Province,29.5833,-9.5,18.82,48,5,1.27,MA,1620866279
509,Mezen',65.8522,44.24,8.46,88,7,2.88,RU,1620866279
510,Calamar,10.2511,-74.9146,29.0,79,75,4.63,CO,1620866280
511,Boende,-0.2167,20.8667,21.82,94,100,0.46,CD,1620866280
512,Poltavka,54.3663,71.7632,10.84,49,100,3.29,RU,1620866281
513,Olinda,-8.0089,-34.8553,23.78,87,40,4.84,BR,1620866281
514,Copiapó,-27.3667,-70.3333,11.48,58,100,1.76,CL,1620865889
515,Bintulu,3.1667,113.0333,27.0,94,20,1.03,MY,1620866282
516,Tomatlán,19.9333,-105.25,30.04,51,31,3.5,MX,1620866282
517,Cobija,-11.0267,-68.7692,21.7,99,9,1.35,BO,1620866282
518,Solkan,45.9714,13.6494,13.72,93,100,1.21,SI,1620866283
519,At-Bashi,41.1702,75.8106,6.37,66,81,1.17,KG,1620866283
520,Villazón,-22.0866,-65.5942,8.63,59,100,4.19,BO,1620866283
521,Yatou,37.15,122.3833,18.81,69,100,2.99,CN,1620866284
522,Nishihara,26.1842,127.7558,27.57,83,75,5.34,JP,1620866284
523,Hamilton,39.1834,-84.5333,14.77,71,1,2.51,US,1620866250
524,Chipiona,36.7366,-6.437,17.95,63,0,7.94,ES,1620866285
525,Najrān,17.4924,44.1277,20.5,31,67,1.65,SA,1620866285
526,Anadyr,64.75,177.4833,1.0,98,75,9.83,RU,1620866285
527,Burns Lake,54.2331,-125.7533,17.0,29,98,3.09,CA,1620866286
528,Neryungri,56.6709,124.6491,1.12,100,100,2.01,RU,1620866286
529,Nhulunbuy,-12.2333,136.7667,30.0,51,75,6.69,AU,1620866286
530,Puerto Peñasco,31.3167,-113.5333,26.11,72,0,1.79,MX,1620866287
531,Unión de Tula,19.9667,-104.2667,26.57,46,46,4.16,MX,1620866287
532,Saint-Philippe,-21.3585,55.7679,24.65,83,41,5.12,RE,1620866288
533,Coyhaique,-45.5752,-72.0662,11.0,50,75,3.09,CL,1620866288
534,Gamba,-2.65,10.0,25.87,89,100,1.82,GA,1620866289
535,Weiser,44.251,-116.9693,22.78,36,100,1.95,US,1620866289
536,Chumikan,54.7183,135.315,2.84,80,18,5.1,RU,1620866289
537,Dongsheng,39.8161,109.9776,20.52,50,0,7.74,CN,1620866290
538,Westport,41.1415,-73.3579,17.0,29,90,2.57,US,1620866290
539,Kimbe,-5.5502,150.1429,30.71,65,81,1.63,PG,1620866290
540,Kawalu,-7.3817,108.2082,25.31,87,58,1.33,ID,1620866291
541,Upington,-28.4478,21.2561,5.74,46,0,0.51,ZA,1620866291
542,Aksu,41.1231,80.2644,15.52,40,84,3.59,CN,1620866291
543,Nyurba,63.2842,118.3319,6.88,38,0,2.16,RU,1620866292
544,Bontang,0.1333,117.5,27.66,83,100,0.74,ID,1620866063
545,Khāsh,28.2211,61.2158,20.13,20,28,1.56,IR,1620866292
546,Udachny,66.4167,112.4,2.6,73,100,4.58,RU,1620866293
547,Birobidzhan,48.8,132.95,9.06,91,99,1.2,RU,1620866293
548,Plettenberg Bay,-34.0527,23.3716,13.73,81,1,1.17,ZA,1620866293
549,Kamariótissa,40.4833,25.4667,11.0,62,0,1.0,GR,1620866294
550,Sokodé,8.9833,1.1333,21.39,83,0,0.0,TG,1620866294
551,Almaznyy,48.0448,40.045,11.56,86,34,3.0,RU,1620866294
552,Independência,-5.3964,-40.3086,23.12,72,6,1.2,BR,1620866295
553,Irbeyskoye,55.6428,95.4522,7.99,46,0,2.28,RU,1620866295
554,Santoña,43.4439,-3.4576,12.74,85,96,2.04,ES,1620866295
555,Empório,40.4833,21.55,10.77,75,1,1.81,GR,1620866296
556,Lázaro Cárdenas,17.9583,-102.2,28.64,68,35,3.36,MX,1620866296
557,Renfrew,55.872,-4.3925,8.95,87,51,3.6,GB,1620866296
558,Ostrovnoy,68.0531,39.5131,5.0,88,100,6.01,RU,1620866297
559,Kirkwall,58.9848,-2.9587,7.0,87,90,4.12,GB,1620866297
560,Gwanda,-20.9333,29.0,12.92,56,0,1.73,ZW,1620866297
561,Galesong,-5.3166,119.3661,26.0,89,20,1.54,ID,1620866298
562,Chiang Klang,19.2938,100.8617,24.26,83,0,0.47,TH,1620866298
563,Kalemie,-5.9475,29.1947,19.95,88,0,0.52,CD,1620866299
564,Ghanzi,-21.5667,21.7833,13.44,39,0,1.91,BW,1620866299
565,Barcelos,41.5388,-8.6151,13.73,88,98,2.04,PT,1620866299
566,Kayes,14.0,-11.0,32.95,34,92,1.77,ML,1620866300
567,Nelson Bay,-32.7167,152.15,21.11,78,49,0.89,AU,1620866300
568,Urucará,-2.5364,-57.76,23.32,97,100,0.93,BR,1620866300
